year,circuit
1950,Circuit Bremgarten
1950,Indianapolis Motor Speedway
1950,Circuit de Monaco
1950,Autodromo Nazionale di Monza
1950,Reims-Gueux
1950,Silverstone Circuit
1950,Circuit de Spa-Francorchamps
1951,Circuit Bremgarten
1951,Indianapolis Motor Speedway
1951,Autodromo Nazionale di Monza
1951,Nürburgring
1951,Circuit de Pedralbes
1951,Reims-Gueux
1951,Silverstone Circuit
1951,Circuit de Spa-Francorchamps
1952,Circuit Bremgarten
1952,Rouen-Les-Essarts
1952,Indianapolis Motor Speedway
1952,Autodromo Nazionale di Monza
1952,Nürburgring
1952,Silverstone Circuit
1952,Circuit de Spa-Francorchamps
1952,Circuit Park Zandvoort
1953,Circuit Bremgarten
1953,Autódromo Juan y Oscar Gálvez
1953,Indianapolis Motor Speedway
1953,Autodromo Nazionale di Monza
1953,Nürburgring
1953,Reims-Gueux
1953,Silverstone Circuit
1953,Circuit de Spa-Francorchamps
1953,Circuit Park Zandvoort
1954,Circuit Bremgarten
1954,Autódromo Juan y Oscar Gálvez
1954,Indianapolis Motor Speedway
1954,Autodromo Nazionale di Monza
1954,Nürburgring
1954,Circuit de Pedralbes
1954,Reims-Gueux
1954,Silverstone Circuit
1954,Circuit de Spa-Francorchamps
1955,Aintree
1955,Autódromo Juan y Oscar Gálvez
1955,Indianapolis Motor Speedway
1955,Circuit de Monaco
1955,Autodromo Nazionale di Monza
1955,Circuit de Spa-Francorchamps
1955,Circuit Park Zandvoort
1956,Autódromo Juan y Oscar Gálvez
1956,Indianapolis Motor Speedway
1956,Circuit de Monaco
1956,Autodromo Nazionale di Monza
1956,Nürburgring
1956,Reims-Gueux
1956,Silverstone Circuit
1956,Circuit de Spa-Francorchamps
1957,Aintree
1957,Rouen-Les-Essarts
1957,Autódromo Juan y Oscar Gálvez
1957,Indianapolis Motor Speedway
1957,Circuit de Monaco
1957,Autodromo Nazionale di Monza
1957,Nürburgring
1957,Pescara Circuit
1958,Ain Diab
1958,Circuito da Boavista
1958,Autódromo Juan y Oscar Gálvez
1958,Indianapolis Motor Speedway
1958,Circuit de Monaco
1958,Autodromo Nazionale di Monza
1958,Nürburgring
1958,Reims-Gueux
1958,Silverstone Circuit
1958,Circuit de Spa-Francorchamps
1958,Circuit Park Zandvoort
1959,Aintree
1959,AVUS
1959,Indianapolis Motor Speedway
1959,Circuit de Monaco
1959,Monsanto Park Circuit
1959,Autodromo Nazionale di Monza
1959,Reims-Gueux
1959,Sebring International Raceway
1959,Circuit Park Zandvoort
1960,Circuito da Boavista
1960,Autódromo Juan y Oscar Gálvez
1960,Indianapolis Motor Speedway
1960,Circuit de Monaco
1960,Autodromo Nazionale di Monza
1960,Reims-Gueux
1960,Riverside International Raceway
1960,Silverstone Circuit
1960,Circuit de Spa-Francorchamps
1960,Circuit Park Zandvoort
1961,Aintree
1961,Circuit de Monaco
1961,Autodromo Nazionale di Monza
1961,Nürburgring
1961,Reims-Gueux
1961,Circuit de Spa-Francorchamps
1961,Watkins Glen
1961,Circuit Park Zandvoort
1962,Aintree
1962,Rouen-Les-Essarts
1962,Prince George Circuit
1962,Circuit de Monaco
1962,Autodromo Nazionale di Monza
1962,Nürburgring
1962,Circuit de Spa-Francorchamps
1962,Watkins Glen
1962,Circuit Park Zandvoort
1963,Prince George Circuit
1963,Circuit de Monaco
1963,Autodromo Nazionale di Monza
1963,Nürburgring
1963,Reims-Gueux
1963,Autódromo Hermanos Rodríguez
1963,Silverstone Circuit
1963,Circuit de Spa-Francorchamps
1963,Watkins Glen
1963,Circuit Park Zandvoort
1964,Brands Hatch
1964,Rouen-Les-Essarts
1964,Circuit de Monaco
1964,Autodromo Nazionale di Monza
1964,Nürburgring
1964,Autódromo Hermanos Rodríguez
1964,Circuit de Spa-Francorchamps
1964,Watkins Glen
1964,Circuit Park Zandvoort
1964,Zeltweg
1965,Charade Circuit
1965,Prince George Circuit
1965,Circuit de Monaco
1965,Autodromo Nazionale di Monza
1965,Nürburgring
1965,Autódromo Hermanos Rodríguez
1965,Silverstone Circuit
1965,Circuit de Spa-Francorchamps
1965,Watkins Glen
1965,Circuit Park Zandvoort
1966,Brands Hatch
1966,Circuit de Monaco
1966,Autodromo Nazionale di Monza
1966,Nürburgring
1966,Reims-Gueux
1966,Autódromo Hermanos Rodríguez
1966,Circuit de Spa-Francorchamps
1966,Watkins Glen
1966,Circuit Park Zandvoort
1967,Kyalami
1967,Le Mans
1967,Circuit de Monaco
1967,Autodromo Nazionale di Monza
1967,Mosport International Raceway
1967,Nürburgring
1967,Autódromo Hermanos Rodríguez
1967,Silverstone Circuit
1967,Circuit de Spa-Francorchamps
1967,Watkins Glen
1967,Circuit Park Zandvoort
1968,Brands Hatch
1968,Rouen-Les-Essarts
1968,Jarama
1968,Kyalami
1968,Circuit de Monaco
1968,Autodromo Nazionale di Monza
1968,Nürburgring
1968,Autódromo Hermanos Rodríguez
1968,Circuit de Spa-Francorchamps
1968,Circuit Mont-Tremblant
1968,Watkins Glen
1968,Circuit Park Zandvoort
1969,Charade Circuit
1969,Kyalami
1969,Circuit de Monaco
1969,Montjuïc
1969,Autodromo Nazionale di Monza
1969,Mosport International Raceway
1969,Nürburgring
1969,Autódromo Hermanos Rodríguez
1969,Silverstone Circuit
1969,Watkins Glen
1969,Circuit Park Zandvoort
1970,Brands Hatch
1970,Charade Circuit
1970,Hockenheimring
1970,Jarama
1970,Kyalami
1970,Circuit de Monaco
1970,Autodromo Nazionale di Monza
1970,A1-Ring
1970,Autódromo Hermanos Rodríguez
1970,Circuit de Spa-Francorchamps
1970,Circuit Mont-Tremblant
1970,Watkins Glen
1970,Circuit Park Zandvoort
1971,Kyalami
1971,Circuit de Monaco
1971,Montjuïc
1971,Autodromo Nazionale di Monza
1971,Mosport International Raceway
1971,Nürburgring
1971,A1-Ring
1971,Circuit Paul Ricard
1971,Silverstone Circuit
1971,Watkins Glen
1971,Circuit Park Zandvoort
1972,Brands Hatch
1972,Charade Circuit
1972,Autódromo Juan y Oscar Gálvez
1972,Jarama
1972,Kyalami
1972,Circuit de Monaco
1972,Autodromo Nazionale di Monza
1972,Mosport International Raceway
1972,Nivelles-Baulers
1972,Nürburgring
1972,A1-Ring
1972,Watkins Glen
1973,Scandinavian Raceway
1973,Autódromo Juan y Oscar Gálvez
1973,Autódromo José Carlos Pace
1973,Kyalami
1973,Circuit de Monaco
1973,Montjuïc
1973,Autodromo Nazionale di Monza
1973,Mosport International Raceway
1973,Nürburgring
1973,A1-Ring
1973,Circuit Paul Ricard
1973,Silverstone Circuit
1973,Watkins Glen
1973,Circuit Park Zandvoort
1973,Zolder
1974,Scandinavian Raceway
1974,Brands Hatch
1974,Dijon-Prenois
1974,Autódromo Juan y Oscar Gálvez
1974,Autódromo José Carlos Pace
1974,Jarama
1974,Kyalami
1974,Circuit de Monaco
1974,Autodromo Nazionale di Monza
1974,Mosport International Raceway
1974,Nivelles-Baulers
1974,Nürburgring
1974,A1-Ring
1974,Watkins Glen
1974,Circuit Park Zandvoort
1975,Scandinavian Raceway
1975,Autódromo Juan y Oscar Gálvez
1975,Autódromo José Carlos Pace
1975,Kyalami
1975,Circuit de Monaco
1975,Montjuïc
1975,Autodromo Nazionale di Monza
1975,Nürburgring
1975,A1-Ring
1975,Circuit Paul Ricard
1975,Silverstone Circuit
1975,Watkins Glen
1975,Circuit Park Zandvoort
1975,Zolder
1976,Scandinavian Raceway
1976,Brands Hatch
1976,Fuji Speedway
1976,Autódromo José Carlos Pace
1976,Jarama
1976,Kyalami
1976,Long Beach
1976,Circuit de Monaco
1976,Autodromo Nazionale di Monza
1976,Mosport International Raceway
1976,Nürburgring
1976,A1-Ring
1976,Circuit Paul Ricard
1976,Watkins Glen
1976,Circuit Park Zandvoort
1976,Zolder
1977,Scandinavian Raceway
1977,Dijon-Prenois
1977,Fuji Speedway
1977,Autódromo Juan y Oscar Gálvez
1977,Hockenheimring
1977,Autódromo José Carlos Pace
1977,Jarama
1977,Kyalami
1977,Long Beach
1977,Circuit de Monaco
1977,Autodromo Nazionale di Monza
1977,Mosport International Raceway
1977,A1-Ring
1977,Silverstone Circuit
1977,Watkins Glen
1977,Circuit Park Zandvoort
1977,Zolder
1978,Scandinavian Raceway
1978,Brands Hatch
1978,Autódromo Juan y Oscar Gálvez
1978,Hockenheimring
1978,Autódromo Internacional Nelson Piquet
1978,Jarama
1978,Kyalami
1978,Long Beach
1978,Circuit de Monaco
1978,Autodromo Nazionale di Monza
1978,A1-Ring
1978,Circuit Paul Ricard
1978,Circuit Gilles Villeneuve
1978,Watkins Glen
1978,Circuit Park Zandvoort
1978,Zolder
1979,Dijon-Prenois
1979,Autódromo Juan y Oscar Gálvez
1979,Hockenheimring
1979,Autódromo José Carlos Pace
1979,Jarama
1979,Kyalami
1979,Long Beach
1979,Circuit de Monaco
1979,Autodromo Nazionale di Monza
1979,A1-Ring
1979,Silverstone Circuit
1979,Circuit Gilles Villeneuve
1979,Watkins Glen
1979,Circuit Park Zandvoort
1979,Zolder
1980,Brands Hatch
1980,Autódromo Juan y Oscar Gálvez
1980,Hockenheimring
1980,Autodromo Enzo e Dino Ferrari
1980,Autódromo José Carlos Pace
1980,Kyalami
1980,Long Beach
1980,Circuit de Monaco
1980,A1-Ring
1980,Circuit Paul Ricard
1980,Circuit Gilles Villeneuve
1980,Watkins Glen
1980,Circuit Park Zandvoort
1980,Zolder
1981,Dijon-Prenois
1981,Autódromo Juan y Oscar Gálvez
1981,Hockenheimring
1981,Autodromo Enzo e Dino Ferrari
1981,Autódromo Internacional Nelson Piquet
1981,Jarama
1981,Las Vegas Street Circuit
1981,Long Beach
1981,Circuit de Monaco
1981,Autodromo Nazionale di Monza
1981,A1-Ring
1981,Silverstone Circuit
1981,Circuit Gilles Villeneuve
1981,Circuit Park Zandvoort
1981,Zolder
1982,Brands Hatch
1982,Detroit Street Circuit
1982,Dijon-Prenois
1982,Hockenheimring
1982,Autodromo Enzo e Dino Ferrari
1982,Autódromo Internacional Nelson Piquet
1982,Kyalami
1982,Las Vegas Street Circuit
1982,Long Beach
1982,Circuit de Monaco
1982,Autodromo Nazionale di Monza
1982,A1-Ring
1982,Circuit Paul Ricard
1982,Circuit Gilles Villeneuve
1982,Circuit Park Zandvoort
1982,Zolder
1983,Brands Hatch
1983,Detroit Street Circuit
1983,Hockenheimring
1983,Autodromo Enzo e Dino Ferrari
1983,Autódromo Internacional Nelson Piquet
1983,Kyalami
1983,Long Beach
1983,Circuit de Monaco
1983,Autodromo Nazionale di Monza
1983,A1-Ring
1983,Circuit Paul Ricard
1983,Silverstone Circuit
1983,Circuit de Spa-Francorchamps
1983,Circuit Gilles Villeneuve
1983,Circuit Park Zandvoort
1984,Brands Hatch
1984,Fair Park
1984,Detroit Street Circuit
1984,Dijon-Prenois
1984,Autódromo do Estoril
1984,Hockenheimring
1984,Autodromo Enzo e Dino Ferrari
1984,Autódromo Internacional Nelson Piquet
1984,Kyalami
1984,Circuit de Monaco
1984,Autodromo Nazionale di Monza
1984,Nürburgring
1984,A1-Ring
1984,Circuit Gilles Villeneuve
1984,Circuit Park Zandvoort
1984,Zolder
1985,Adelaide Street Circuit
1985,Brands Hatch
1985,Detroit Street Circuit
1985,Autódromo do Estoril
1985,Autodromo Enzo e Dino Ferrari
1985,Autódromo Internacional Nelson Piquet
1985,Kyalami
1985,Circuit de Monaco
1985,Autodromo Nazionale di Monza
1985,Nürburgring
1985,A1-Ring
1985,Circuit Paul Ricard
1985,Silverstone Circuit
1985,Circuit de Spa-Francorchamps
1985,Circuit Gilles Villeneuve
1985,Circuit Park Zandvoort
1986,Adelaide Street Circuit
1986,Brands Hatch
1986,Detroit Street Circuit
1986,Autódromo do Estoril
1986,Hockenheimring
1986,Hungaroring
1986,Autodromo Enzo e Dino Ferrari
1986,Autódromo Internacional Nelson Piquet
1986,Circuito de Jerez
1986,Circuit de Monaco
1986,Autodromo Nazionale di Monza
1986,A1-Ring
1986,Circuit Paul Ricard
1986,Autódromo Hermanos Rodríguez
1986,Circuit de Spa-Francorchamps
1986,Circuit Gilles Villeneuve
1987,Adelaide Street Circuit
1987,Detroit Street Circuit
1987,Autódromo do Estoril
1987,Hockenheimring
1987,Hungaroring
1987,Autodromo Enzo e Dino Ferrari
1987,Autódromo Internacional Nelson Piquet
1987,Circuito de Jerez
1987,Circuit de Monaco
1987,Autodromo Nazionale di Monza
1987,A1-Ring
1987,Circuit Paul Ricard
1987,Autódromo Hermanos Rodríguez
1987,Silverstone Circuit
1987,Circuit de Spa-Francorchamps
1987,Suzuka Circuit
1988,Adelaide Street Circuit
1988,Detroit Street Circuit
1988,Autódromo do Estoril
1988,Hockenheimring
1988,Hungaroring
1988,Autodromo Enzo e Dino Ferrari
1988,Autódromo Internacional Nelson Piquet
1988,Circuito de Jerez
1988,Circuit de Monaco
1988,Autodromo Nazionale di Monza
1988,Circuit Paul Ricard
1988,Autódromo Hermanos Rodríguez
1988,Silverstone Circuit
1988,Circuit de Spa-Francorchamps
1988,Suzuka Circuit
1988,Circuit Gilles Villeneuve
1989,Adelaide Street Circuit
1989,Autódromo do Estoril
1989,Hockenheimring
1989,Hungaroring
1989,Autodromo Enzo e Dino Ferrari
1989,Autódromo Internacional Nelson Piquet
1989,Circuito de Jerez
1989,Circuit de Monaco
1989,Autodromo Nazionale di Monza
1989,Phoenix street circuit
1989,Circuit Paul Ricard
1989,Autódromo Hermanos Rodríguez
1989,Silverstone Circuit
1989,Circuit de Spa-Francorchamps
1989,Suzuka Circuit
1989,Circuit Gilles Villeneuve
1990,Adelaide Street Circuit
1990,Autódromo do Estoril
1990,Hockenheimring
1990,Hungaroring
1990,Autodromo Enzo e Dino Ferrari
1990,Autódromo José Carlos Pace
1990,Circuito de Jerez
1990,Circuit de Monaco
1990,Autodromo Nazionale di Monza
1990,Phoenix street circuit
1990,Circuit Paul Ricard
1990,Autódromo Hermanos Rodríguez
1990,Silverstone Circuit
1990,Circuit de Spa-Francorchamps
1990,Suzuka Circuit
1990,Circuit Gilles Villeneuve
1991,Adelaide Street Circuit
1991,Circuit de Barcelona-Catalunya
1991,Autódromo do Estoril
1991,Hockenheimring
1991,Hungaroring
1991,Autodromo Enzo e Dino Ferrari
1991,Autódromo José Carlos Pace
1991,Circuit de Nevers Magny-Cours
1991,Circuit de Monaco
1991,Autodromo Nazionale di Monza
1991,Phoenix street circuit
1991,Autódromo Hermanos Rodríguez
1991,Silverstone Circuit
1991,Circuit de Spa-Francorchamps
1991,Suzuka Circuit
1991,Circuit Gilles Villeneuve
1992,Adelaide Street Circuit
1992,Circuit de Barcelona-Catalunya
1992,Autódromo do Estoril
1992,Hockenheimring
1992,Hungaroring
1992,Autodromo Enzo e Dino Ferrari
1992,Autódromo José Carlos Pace
1992,Kyalami
1992,Circuit de Nevers Magny-Cours
1992,Circuit de Monaco
1992,Autodromo Nazionale di Monza
1992,Autódromo Hermanos Rodríguez
1992,Silverstone Circuit
1992,Circuit de Spa-Francorchamps
1992,Suzuka Circuit
1992,Circuit Gilles Villeneuve
1993,Adelaide Street Circuit
1993,Circuit de Barcelona-Catalunya
1993,Donington Park
1993,Autódromo do Estoril
1993,Hockenheimring
1993,Hungaroring
1993,Autodromo Enzo e Dino Ferrari
1993,Autódromo José Carlos Pace
1993,Kyalami
1993,Circuit de Nevers Magny-Cours
1993,Circuit de Monaco
1993,Autodromo Nazionale di Monza
1993,Silverstone Circuit
1993,Circuit de Spa-Francorchamps
1993,Suzuka Circuit
1993,Circuit Gilles Villeneuve
1994,Adelaide Street Circuit
1994,Circuit de Barcelona-Catalunya
1994,Autódromo do Estoril
1994,Hockenheimring
1994,Hungaroring
1994,Autodromo Enzo e Dino Ferrari
1994,Autódromo José Carlos Pace
1994,Circuito de Jerez
1994,Circuit de Nevers Magny-Cours
1994,Circuit de Monaco
1994,Autodromo Nazionale di Monza
1994,Okayama International Circuit
1994,Silverstone Circuit
1994,Circuit de Spa-Francorchamps
1994,Suzuka Circuit
1994,Circuit Gilles Villeneuve
1995,Adelaide Street Circuit
1995,Circuit de Barcelona-Catalunya
1995,Autódromo do Estoril
1995,Autódromo Juan y Oscar Gálvez
1995,Hockenheimring
1995,Hungaroring
1995,Autodromo Enzo e Dino Ferrari
1995,Autódromo José Carlos Pace
1995,Circuit de Nevers Magny-Cours
1995,Circuit de Monaco
1995,Autodromo Nazionale di Monza
1995,Nürburgring
1995,Okayama International Circuit
1995,Silverstone Circuit
1995,Circuit de Spa-Francorchamps
1995,Suzuka Circuit
1995,Circuit Gilles Villeneuve
1996,Albert Park Grand Prix Circuit
1996,Circuit de Barcelona-Catalunya
1996,Autódromo do Estoril
1996,Autódromo Juan y Oscar Gálvez
1996,Hockenheimring
1996,Hungaroring
1996,Autodromo Enzo e Dino Ferrari
1996,Autódromo José Carlos Pace
1996,Circuit de Nevers Magny-Cours
1996,Circuit de Monaco
1996,Autodromo Nazionale di Monza
1996,Nürburgring
1996,Silverstone Circuit
1996,Circuit de Spa-Francorchamps
1996,Suzuka Circuit
1996,Circuit Gilles Villeneuve
1997,Albert Park Grand Prix Circuit
1997,Circuit de Barcelona-Catalunya
1997,Autódromo Juan y Oscar Gálvez
1997,Hockenheimring
1997,Hungaroring
1997,Autodromo Enzo e Dino Ferrari
1997,Autódromo José Carlos Pace
1997,Circuito de Jerez
1997,Circuit de Nevers Magny-Cours
1997,Circuit de Monaco
1997,Autodromo Nazionale di Monza
1997,Nürburgring
1997,A1-Ring
1997,Silverstone Circuit
1997,Circuit de Spa-Francorchamps
1997,Suzuka Circuit
1997,Circuit Gilles Villeneuve
1998,Albert Park Grand Prix Circuit
1998,Circuit de Barcelona-Catalunya
1998,Autódromo Juan y Oscar Gálvez
1998,Hockenheimring
1998,Hungaroring
1998,Autodromo Enzo e Dino Ferrari
1998,Autódromo José Carlos Pace
1998,Circuit de Nevers Magny-Cours
1998,Circuit de Monaco
1998,Autodromo Nazionale di Monza
1998,Nürburgring
1998,A1-Ring
1998,Silverstone Circuit
1998,Circuit de Spa-Francorchamps
1998,Suzuka Circuit
1998,Circuit Gilles Villeneuve
1999,Albert Park Grand Prix Circuit
1999,Circuit de Barcelona-Catalunya
1999,Hockenheimring
1999,Hungaroring
1999,Autodromo Enzo e Dino Ferrari
1999,Autódromo José Carlos Pace
1999,Circuit de Nevers Magny-Cours
1999,Circuit de Monaco
1999,Autodromo Nazionale di Monza
1999,Nürburgring
1999,A1-Ring
1999,Sepang International Circuit
1999,Silverstone Circuit
1999,Circuit de Spa-Francorchamps
1999,Suzuka Circuit
1999,Circuit Gilles Villeneuve
2000,Albert Park Grand Prix Circuit
2000,Circuit de Barcelona-Catalunya
2000,Hockenheimring
2000,Hungaroring
2000,Autodromo Enzo e Dino Ferrari
2000,Indianapolis Motor Speedway
2000,Autódromo José Carlos Pace
2000,Circuit de Nevers Magny-Cours
2000,Circuit de Monaco
2000,Autodromo Nazionale di Monza
2000,Nürburgring
2000,A1-Ring
2000,Sepang International Circuit
2000,Silverstone Circuit
2000,Circuit de Spa-Francorchamps
2000,Suzuka Circuit
2000,Circuit Gilles Villeneuve
2001,Albert Park Grand Prix Circuit
2001,Circuit de Barcelona-Catalunya
2001,Hockenheimring
2001,Hungaroring
2001,Autodromo Enzo e Dino Ferrari
2001,Indianapolis Motor Speedway
2001,Autódromo José Carlos Pace
2001,Circuit de Nevers Magny-Cours
2001,Circuit de Monaco
2001,Autodromo Nazionale di Monza
2001,Nürburgring
2001,A1-Ring
2001,Sepang International Circuit
2001,Silverstone Circuit
2001,Circuit de Spa-Francorchamps
2001,Suzuka Circuit
2001,Circuit Gilles Villeneuve
2002,Albert Park Grand Prix Circuit
2002,Circuit de Barcelona-Catalunya
2002,Hockenheimring
2002,Hungaroring
2002,Autodromo Enzo e Dino Ferrari
2002,Indianapolis Motor Speedway
2002,Autódromo José Carlos Pace
2002,Circuit de Nevers Magny-Cours
2002,Circuit de Monaco
2002,Autodromo Nazionale di Monza
2002,Nürburgring
2002,A1-Ring
2002,Sepang International Circuit
2002,Silverstone Circuit
2002,Circuit de Spa-Francorchamps
2002,Suzuka Circuit
2002,Circuit Gilles Villeneuve
2003,Albert Park Grand Prix Circuit
2003,Circuit de Barcelona-Catalunya
2003,Hockenheimring
2003,Hungaroring
2003,Autodromo Enzo e Dino Ferrari
2003,Indianapolis Motor Speedway
2003,Autódromo José Carlos Pace
2003,Circuit de Nevers Magny-Cours
2003,Circuit de Monaco
2003,Autodromo Nazionale di Monza
2003,Nürburgring
2003,A1-Ring
2003,Sepang International Circuit
2003,Silverstone Circuit
2003,Suzuka Circuit
2003,Circuit Gilles Villeneuve
2004,Albert Park Grand Prix Circuit
2004,Bahrain International Circuit
2004,Circuit de Barcelona-Catalunya
2004,Hockenheimring
2004,Hungaroring
2004,Autodromo Enzo e Dino Ferrari
2004,Indianapolis Motor Speedway
2004,Autódromo José Carlos Pace
2004,Circuit de Nevers Magny-Cours
2004,Circuit de Monaco
2004,Autodromo Nazionale di Monza
2004,Nürburgring
2004,Sepang International Circuit
2004,Shanghai International Circuit
2004,Silverstone Circuit
2004,Circuit de Spa-Francorchamps
2004,Suzuka Circuit
2004,Circuit Gilles Villeneuve
2005,Albert Park Grand Prix Circuit
2005,Bahrain International Circuit
2005,Circuit de Barcelona-Catalunya
2005,Hockenheimring
2005,Hungaroring
2005,Autodromo Enzo e Dino Ferrari
2005,Indianapolis Motor Speedway
2005,Autódromo José Carlos Pace
2005,Istanbul Park
2005,Circuit de Nevers Magny-Cours
2005,Circuit de Monaco
2005,Autodromo Nazionale di Monza
2005,Nürburgring
2005,Sepang International Circuit
2005,Shanghai International Circuit
2005,Silverstone Circuit
2005,Circuit de Spa-Francorchamps
2005,Suzuka Circuit
2005,Circuit Gilles Villeneuve
2006,Albert Park Grand Prix Circuit
2006,Bahrain International Circuit
2006,Circuit de Barcelona-Catalunya
2006,Hockenheimring
2006,Hungaroring
2006,Autodromo Enzo e Dino Ferrari
2006,Indianapolis Motor Speedway
2006,Autódromo José Carlos Pace
2006,Istanbul Park
2006,Circuit de Nevers Magny-Cours
2006,Circuit de Monaco
2006,Autodromo Nazionale di Monza
2006,Nürburgring
2006,Sepang International Circuit
2006,Shanghai International Circuit
2006,Silverstone Circuit
2006,Suzuka Circuit
2006,Circuit Gilles Villeneuve
2007,Albert Park Grand Prix Circuit
2007,Bahrain International Circuit
2007,Circuit de Barcelona-Catalunya
2007,Fuji Speedway
2007,Hungaroring
2007,Indianapolis Motor Speedway
2007,Autódromo José Carlos Pace
2007,Istanbul Park
2007,Circuit de Nevers Magny-Cours
2007,Circuit de Monaco
2007,Autodromo Nazionale di Monza
2007,Nürburgring
2007,Sepang International Circuit
2007,Shanghai International Circuit
2007,Silverstone Circuit
2007,Circuit de Spa-Francorchamps
2007,Circuit Gilles Villeneuve
2008,Albert Park Grand Prix Circuit
2008,Bahrain International Circuit
2008,Circuit de Barcelona-Catalunya
2008,Fuji Speedway
2008,Hockenheimring
2008,Hungaroring
2008,Autódromo José Carlos Pace
2008,Istanbul Park
2008,Circuit de Nevers Magny-Cours
2008,Marina Bay Street Circuit
2008,Circuit de Monaco
2008,Autodromo Nazionale di Monza
2008,Sepang International Circuit
2008,Shanghai International Circuit
2008,Silverstone Circuit
2008,Circuit de Spa-Francorchamps
2008,Valencia Street Circuit
2008,Circuit Gilles Villeneuve
2009,Albert Park Grand Prix Circuit
2009,Bahrain International Circuit
2009,Circuit de Barcelona-Catalunya
2009,Hungaroring
2009,Autódromo José Carlos Pace
2009,Istanbul Park
2009,Marina Bay Street Circuit
2009,Circuit de Monaco
2009,Autodromo Nazionale di Monza
2009,Nürburgring
2009,Sepang International Circuit
2009,Shanghai International Circuit
2009,Silverstone Circuit
2009,Circuit de Spa-Francorchamps
2009,Suzuka Circuit
2009,Valencia Street Circuit
2009,Yas Marina Circuit
2010,Albert Park Grand Prix Circuit
2010,Bahrain International Circuit
2010,Circuit de Barcelona-Catalunya
2010,Hockenheimring
2010,Hungaroring
2010,Autódromo José Carlos Pace
2010,Istanbul Park
2010,Marina Bay Street Circuit
2010,Circuit de Monaco
2010,Autodromo Nazionale di Monza
2010,Sepang International Circuit
2010,Shanghai International Circuit
2010,Silverstone Circuit
2010,Circuit de Spa-Francorchamps
2010,Suzuka Circuit
2010,Valencia Street Circuit
2010,Circuit Gilles Villeneuve
2010,Yas Marina Circuit
2010,Korean International Circuit
2011,Albert Park Grand Prix Circuit
2011,Buddh International Circuit
2011,Circuit de Barcelona-Catalunya
2011,Hungaroring
2011,Autódromo José Carlos Pace
2011,Istanbul Park
2011,Marina Bay Street Circuit
2011,Circuit de Monaco
2011,Autodromo Nazionale di Monza
2011,Nürburgring
2011,Sepang International Circuit
2011,Shanghai International Circuit
2011,Silverstone Circuit
2011,Circuit de Spa-Francorchamps
2011,Suzuka Circuit
2011,Valencia Street Circuit
2011,Circuit Gilles Villeneuve
2011,Yas Marina Circuit
2011,Korean International Circuit
2012,Albert Park Grand Prix Circuit
2012,Circuit of the Americas
2012,Bahrain International Circuit
2012,Buddh International Circuit
2012,Circuit de Barcelona-Catalunya
2012,Hockenheimring
2012,Hungaroring
2012,Autódromo José Carlos Pace
2012,Marina Bay Street Circuit
2012,Circuit de Monaco
2012,Autodromo Nazionale di Monza
2012,Sepang International Circuit
2012,Shanghai International Circuit
2012,Silverstone Circuit
2012,Circuit de Spa-Francorchamps
2012,Suzuka Circuit
2012,Valencia Street Circuit
2012,Circuit Gilles Villeneuve
2012,Yas Marina Circuit
2012,Korean International Circuit
2013,Albert Park Grand Prix Circuit
2013,Circuit of the Americas
2013,Bahrain International Circuit
2013,Buddh International Circuit
2013,Circuit de Barcelona-Catalunya
2013,Hungaroring
2013,Autódromo José Carlos Pace
2013,Marina Bay Street Circuit
2013,Circuit de Monaco
2013,Autodromo Nazionale di Monza
2013,Nürburgring
2013,Sepang International Circuit
2013,Shanghai International Circuit
2013,Silverstone Circuit
2013,Circuit de Spa-Francorchamps
2013,Suzuka Circuit
2013,Circuit Gilles Villeneuve
2013,Yas Marina Circuit
2013,Korean International Circuit
2014,Albert Park Grand Prix Circuit
2014,Circuit of the Americas
2014,Bahrain International Circuit
2014,Circuit de Barcelona-Catalunya
2014,Hockenheimring
2014,Hungaroring
2014,Autódromo José Carlos Pace
2014,Marina Bay Street Circuit
2014,Circuit de Monaco
2014,Autodromo Nazionale di Monza
2014,Red Bull Ring
2014,Sepang International Circuit
2014,Shanghai International Circuit
2014,Silverstone Circuit
2014,Sochi Autodrom
2014,Circuit de Spa-Francorchamps
2014,Suzuka Circuit
2014,Circuit Gilles Villeneuve
2014,Yas Marina Circuit
2015,Albert Park Grand Prix Circuit
2015,Circuit of the Americas
2015,Bahrain International Circuit
2015,Circuit de Barcelona-Catalunya
2015,Hungaroring
2015,Autódromo José Carlos Pace
2015,Marina Bay Street Circuit
2015,Circuit de Monaco
2015,Autodromo Nazionale di Monza
2015,Red Bull Ring
2015,Autódromo Hermanos Rodríguez
2015,Sepang International Circuit
2015,Shanghai International Circuit
2015,Silverstone Circuit
2015,Sochi Autodrom
2015,Circuit de Spa-Francorchamps
2015,Suzuka Circuit
2015,Circuit Gilles Villeneuve
2015,Yas Marina Circuit
2016,Albert Park Grand Prix Circuit
2016,Circuit of the Americas
2016,Bahrain International Circuit
2016,Baku City Circuit
2016,Circuit de Barcelona-Catalunya
2016,Hockenheimring
2016,Hungaroring
2016,Autódromo José Carlos Pace
2016,Marina Bay Street Circuit
2016,Circuit de Monaco
2016,Autodromo Nazionale di Monza
2016,Red Bull Ring
2016,Autódromo Hermanos Rodríguez
2016,Sepang International Circuit
2016,Shanghai International Circuit
2016,Silverstone Circuit
2016,Sochi Autodrom
2016,Circuit de Spa-Francorchamps
2016,Suzuka Circuit
2016,Circuit Gilles Villeneuve
2016,Yas Marina Circuit
2017,Albert Park Grand Prix Circuit
2017,Circuit of the Americas
2017,Bahrain International Circuit
2017,Baku City Circuit
2017,Circuit de Barcelona-Catalunya
2017,Hungaroring
2017,Autódromo José Carlos Pace
2017,Marina Bay Street Circuit
2017,Circuit de Monaco
2017,Autodromo Nazionale di Monza
2017,Red Bull Ring
2017,Autódromo Hermanos Rodríguez
2017,Sepang International Circuit
2017,Shanghai International Circuit
2017,Silverstone Circuit
2017,Sochi Autodrom
2017,Circuit de Spa-Francorchamps
2017,Suzuka Circuit
2017,Circuit Gilles Villeneuve
2017,Yas Marina Circuit
2018,Albert Park Grand Prix Circuit
2018,Circuit of the Americas
2018,Bahrain International Circuit
2018,Baku City Circuit
2018,Circuit de Barcelona-Catalunya
2018,Hockenheimring
2018,Hungaroring
2018,Autódromo José Carlos Pace
2018,Marina Bay Street Circuit
2018,Circuit de Monaco
2018,Autodromo Nazionale di Monza
2018,Red Bull Ring
2018,Circuit Paul Ricard
2018,Autódromo Hermanos Rodríguez
2018,Shanghai International Circuit
2018,Silverstone Circuit
2018,Sochi Autodrom
2018,Circuit de Spa-Francorchamps
2018,Suzuka Circuit
2018,Circuit Gilles Villeneuve
2018,Yas Marina Circuit
2019,Albert Park Grand Prix Circuit
2019,Circuit of the Americas
2019,Bahrain International Circuit
2019,Baku City Circuit
2019,Circuit de Barcelona-Catalunya
2019,Hockenheimring
2019,Hungaroring
2019,Autódromo José Carlos Pace
2019,Marina Bay Street Circuit
2019,Circuit de Monaco
2019,Autodromo Nazionale di Monza
2019,Red Bull Ring
2019,Circuit Paul Ricard
2019,Autódromo Hermanos Rodríguez
2019,Shanghai International Circuit
2019,Silverstone Circuit
2019,Sochi Autodrom
2019,Circuit de Spa-Francorchamps
2019,Suzuka Circuit
2019,Circuit Gilles Villeneuve
2019,Yas Marina Circuit
2020,Bahrain International Circuit
2020,Circuit de Barcelona-Catalunya
2020,Hungaroring
2020,Autodromo Enzo e Dino Ferrari
2020,Istanbul Park
2020,Autodromo Nazionale di Monza
2020,Autodromo Internazionale del Mugello
2020,Nürburgring
2020,Autódromo Internacional do Algarve
2020,Red Bull Ring
2020,Silverstone Circuit
2020,Sochi Autodrom
2020,Circuit de Spa-Francorchamps
2020,Yas Marina Circuit
2021,Circuit of the Americas
2021,Bahrain International Circuit
2021,Baku City Circuit
2021,Circuit de Barcelona-Catalunya
2021,Hungaroring
2021,Autodromo Enzo e Dino Ferrari
2021,Autódromo José Carlos Pace
2021,Istanbul Park
2021,Jeddah Street Circuit
2021,Losail International Circuit
2021,Circuit de Monaco
2021,Autodromo Nazionale di Monza
2021,Autódromo Internacional do Algarve
2021,Red Bull Ring
2021,Circuit Paul Ricard
2021,Autódromo Hermanos Rodríguez
2021,Silverstone Circuit
2021,Sochi Autodrom
2021,Circuit de Spa-Francorchamps
2021,Yas Marina Circuit
2021,Circuit Park Zandvoort
